[{"file":"c:/Users/vm-bpa/Desktop/JeffKPI/force-app/main/default/lwc/activitiesKPIJeff/activitiesKPIJeff.js","metadata":{"decorators":[{"type":"wire","targets":[{"type":"method","name":"wiredSummaries","static":{},"params":{},"adapter":{"name":"getUserActivitySummary","reference":"@salesforce/apex/UserHierarchyController.getUserActivitySummary"}}]},{"type":"track","targets":[{"name":"groupedData","type":"property"},{"name":"filteredData","type":"property"},{"name":"errorMessage","type":"property"},{"name":"partnerOptions","type":"property"},{"name":"userOptions","type":"property"},{"name":"selectedPartner","type":"property"},{"name":"selectedUser","type":"property"}]}],"classMembers":[{"name":"groupedData","type":"property","decorator":"track","loc":{"start":{"line":5,"column":4},"end":{"line":5,"column":28}}},{"name":"filteredData","type":"property","decorator":"track","loc":{"start":{"line":6,"column":4},"end":{"line":6,"column":29}}},{"name":"errorMessage","type":"property","decorator":"track","loc":{"start":{"line":7,"column":4},"end":{"line":7,"column":24}}},{"name":"partnerOptions","type":"property","decorator":"track","loc":{"start":{"line":9,"column":4},"end":{"line":9,"column":70}}},{"name":"userOptions","type":"property","decorator":"track","loc":{"start":{"line":10,"column":4},"end":{"line":10,"column":64}}},{"name":"selectedPartner","type":"property","decorator":"track","loc":{"start":{"line":11,"column":4},"end":{"line":11,"column":35}}},{"name":"selectedUser","type":"property","decorator":"track","loc":{"start":{"line":12,"column":4},"end":{"line":12,"column":32}}},{"name":"wiredSummaries","type":"method","decorator":"wire","loc":{"start":{"line":14,"column":4},"end":{"line":53,"column":5}}},{"name":"handlePartnerChange","type":"method","loc":{"start":{"line":55,"column":4},"end":{"line":58,"column":5}}},{"name":"handleUserChange","type":"method","loc":{"start":{"line":60,"column":4},"end":{"line":63,"column":5}}},{"name":"applyFilters","type":"method","loc":{"start":{"line":65,"column":4},"end":{"line":80,"column":5}}}],"declarationLoc":{"start":{"line":4,"column":0},"end":{"line":81,"column":1}},"doc":"","exports":[{"type":"ExportDefaultDeclaration"}]},"updatedAt":"2025-08-28T17:38:10.000Z","_allAttributes":null,"_properties":null,"_methods":null}]