{
  "fields": [
    {
      "aggregatable": true,
      "custom": false,
      "defaultValue": null,
      "extraTypeInfo": null,
      "filterable": true,
      "groupable": true,
      "inlineHelpText": null,
      "label": "Account ID",
      "name": "Id",
      "nillable": false,
      "picklistValues": [],
      "referenceTo": [],
      "relationshipName": null,
      "sortable": true,
      "type": "id"
    },
    {
      "aggregatable": false,
      "custom": false,
      "defaultValue": null,
      "extraTypeInfo": null,
      "filterable": true,
      "groupable": true,
      "inlineHelpText": null,
      "label": "Deleted",
      "name": "IsDeleted",
      "nillable": false,
      "picklistValues": [],
      "referenceTo": [],
      "relationshipName": null,
      "sortable": true,
      "type": "boolean"
    },
    {
      "aggregatable": true,
      "custom": false,
      "defaultValue": null,
      "extraTypeInfo": null,
      "filterable": true,
      "groupable": true,
      "inlineHelpText": null,
      "label": "Master Record ID",
      "name": "MasterRecordId",
      "nillable": true,
      "picklistValues": [],
      "referenceTo": [
        "Account"
      ],
      "relationshipName": "MasterRecord",
      "sortable": true,
      "type": "reference"
    },
    {
      "aggregatable": true,
      "custom": false,
      "defaultValue": null,
      "extraTypeInfo": "switchablepersonname",
      "filterable": true,
      "groupable": true,
      "inlineHelpText": null,
      "label": "Account Name",
      "name": "Name",
      "nillable": false,
      "picklistValues": [],
      "referenceTo": [],
      "relationshipName": null,
      "sortable": true,
      "type": "string"
    },
    {
      "aggregatable": true,
      "custom": false,
      "defaultValue": null,
      "extraTypeInfo": null,
      "filterable": true,
      "groupable": true,
      "inlineHelpText": null,
      "label": "Account Type",
      "name": "Type",
      "nillable": true,
      "picklistValues": [
        {
          "active": true,
          "defaultValue": false,
          "label": "Prospect",
          "validFor": null,
          "value": "Prospect"
        },
        {
          "active": true,
          "defaultValue": false,
          "label": "Customer - Direct",
          "validFor": null,
          "value": "Customer - Direct"
        },
        {
          "active": true,
          "defaultValue": false,
          "label": "Customer - Channel",
          "validFor": null,
          "value": "Customer - Channel"
        },
        {
          "active": true,
          "defaultValue": false,
          "label": "Channel Partner / Reseller",
          "validFor": null,
          "value": "Channel Partner / Reseller"
        },
        {
          "active": true,
          "defaultValue": false,
          "label": "Installation Partner",
          "validFor": null,
          "value": "Installation Partner"
        },
        {
          "active": true,
          "defaultValue": false,
          "label": "Technology Partner",
          "validFor": null,
          "value": "Technology Partner"
        },
        {
          "active": true,
          "defaultValue": false,
          "label": "Other",
          "validFor": null,
          "value": "Other"
        }
      ],
      "referenceTo": [],
      "relationshipName": null,
      "sortable": true,
      "type": "picklist"
    },
    {
      "aggregatable": true,
      "custom": false,
      "defaultValue": null,
      "extraTypeInfo": null,
      "filterable": true,
      "groupable": true,
      "inlineHelpText": null,
      "label": "Parent Account ID",
      "name": "ParentId",
      "nillable": true,
      "picklistValues": [],
      "referenceTo": [
        "Account"
      ],
      "relationshipName": "Parent",
      "sortable": true,
      "type": "reference"
    },
    {
      "aggregatable": true,
      "custom": false,
      "defaultValue": null,
      "extraTypeInfo": "plaintextarea",
      "filterable": true,
      "groupable": true,
      "inlineHelpText": null,
      "label": "Billing Street",
      "name": "BillingStreet",
      "nillable": true,
      "picklistValues": [],
      "referenceTo": [],
      "relationshipName": null,
      "sortable": true,
      "type": "textarea"
    },
    {
      "aggregatable": true,
      "custom": false,
      "defaultValue": null,
      "extraTypeInfo": null,
      "filterable": true,
      "groupable": true,
      "inlineHelpText": null,
      "label": "Billing City",
      "name": "BillingCity",
      "nillable": true,
      "picklistValues": [],
      "referenceTo": [],
      "relationshipName": null,
      "sortable": true,
      "type": "string"
    },
    {
      "aggregatable": true,
      "custom": false,
      "defaultValue": null,
      "extraTypeInfo": null,
      "filterable": true,
      "groupable": true,
      "inlineHelpText": null,
      "label": "Billing State/Province",
      "name": "BillingState",
      "nillable": true,
      "picklistValues": [],
      "referenceTo": [],
      "relationshipName": null,
      "sortable": true,
      "type": "string"
    },
    {
      "aggregatable": true,
      "custom": false,
      "defaultValue": null,
      "extraTypeInfo": null,
      "filterable": true,
      "groupable": true,
      "inlineHelpText": null,
      "label": "Billing Zip/Postal Code",
      "name": "BillingPostalCode",
      "nillable": true,
      "picklistValues": [],
      "referenceTo": [],
      "relationshipName": null,
      "sortable": true,
      "type": "string"
    },
    {
      "aggregatable": true,
      "custom": false,
      "defaultValue": null,
      "extraTypeInfo": null,
      "filterable": true,
      "groupable": true,
      "inlineHelpText": null,
      "label": "Billing Country",
      "name": "BillingCountry",
      "nillable": true,
      "picklistValues": [],
      "referenceTo": [],
      "relationshipName": null,
      "sortable": true,
      "type": "string"
    },
    {
      "aggregatable": true,
      "custom": false,
      "defaultValue": null,
      "extraTypeInfo": null,
      "filterable": true,
      "groupable": false,
      "inlineHelpText": null,
      "label": "Billing Latitude",
      "name": "BillingLatitude",
      "nillable": true,
      "picklistValues": [],
      "referenceTo": [],
      "relationshipName": null,
      "sortable": true,
      "type": "double"
    },
    {
      "aggregatable": true,
      "custom": false,
      "defaultValue": null,
      "extraTypeInfo": null,
      "filterable": true,
      "groupable": false,
      "inlineHelpText": null,
      "label": "Billing Longitude",
      "name": "BillingLongitude",
      "nillable": true,
      "picklistValues": [],
      "referenceTo": [],
      "relationshipName": null,
      "sortable": true,
      "type": "double"
    },
    {
      "aggregatable": true,
      "custom": false,
      "defaultValue": null,
      "extraTypeInfo": null,
      "filterable": true,
      "groupable": true,
      "inlineHelpText": null,
      "label": "Billing Geocode Accuracy",
      "name": "BillingGeocodeAccuracy",
      "nillable": true,
      "picklistValues": [
        {
          "active": true,
          "defaultValue": false,
          "label": "Address",
          "validFor": null,
          "value": "Address"
        },
        {
          "active": true,
          "defaultValue": false,
          "label": "NearAddress",
          "validFor": null,
          "value": "NearAddress"
        },
        {
          "active": true,
          "defaultValue": false,
          "label": "Block",
          "validFor": null,
          "value": "Block"
        },
        {
          "active": true,
          "defaultValue": false,
          "label": "Street",
          "validFor": null,
          "value": "Street"
        },
        {
          "active": true,
          "defaultValue": false,
          "label": "ExtendedZip",
          "validFor": null,
          "value": "ExtendedZip"
        },
        {
          "active": true,
          "defaultValue": false,
          "label": "Zip",
          "validFor": null,
          "value": "Zip"
        },
        {
          "active": true,
          "defaultValue": false,
          "label": "Neighborhood",
          "validFor": null,
          "value": "Neighborhood"
        },
        {
          "active": true,
          "defaultValue": false,
          "label": "City",
          "validFor": null,
          "value": "City"
        },
        {
          "active": true,
          "defaultValue": false,
          "label": "County",
          "validFor": null,
          "value": "County"
        },
        {
          "active": true,
          "defaultValue": false,
          "label": "State",
          "validFor": null,
          "value": "State"
        },
        {
          "active": true,
          "defaultValue": false,
          "label": "Unknown",
          "validFor": null,
          "value": "Unknown"
        }
      ],
      "referenceTo": [],
      "relationshipName": null,
      "sortable": true,
      "type": "picklist"
    },
    {
      "aggregatable": false,
      "custom": false,
      "defaultValue": null,
      "extraTypeInfo": null,
      "filterable": true,
      "groupable": false,
      "inlineHelpText": null,
      "label": "Billing Address",
      "name": "BillingAddress",
      "nillable": true,
      "picklistValues": [],
      "referenceTo": [],
      "relationshipName": null,
      "sortable": false,
      "type": "address"
    },
    {
      "aggregatable": true,
      "custom": false,
      "defaultValue": null,
      "extraTypeInfo": "plaintextarea",
      "filterable": true,
      "groupable": true,
      "inlineHelpText": null,
      "label": "Shipping Street",
      "name": "ShippingStreet",
      "nillable": true,
      "picklistValues": [],
      "referenceTo": [],
      "relationshipName": null,
      "sortable": true,
      "type": "textarea"
    },
    {
      "aggregatable": true,
      "custom": false,
      "defaultValue": null,
      "extraTypeInfo": null,
      "filterable": true,
      "groupable": true,
      "inlineHelpText": null,
      "label": "Shipping City",
      "name": "ShippingCity",
      "nillable": true,
      "picklistValues": [],
      "referenceTo": [],
      "relationshipName": null,
      "sortable": true,
      "type": "string"
    },
    {
      "aggregatable": true,
      "custom": false,
      "defaultValue": null,
      "extraTypeInfo": null,
      "filterable": true,
      "groupable": true,
      "inlineHelpText": null,
      "label": "Shipping State/Province",
      "name": "ShippingState",
      "nillable": true,
      "picklistValues": [],
      "referenceTo": [],
      "relationshipName": null,
      "sortable": true,
      "type": "string"
    },
    {
      "aggregatable": true,
      "custom": false,
      "defaultValue": null,
      "extraTypeInfo": null,
      "filterable": true,
      "groupable": true,
      "inlineHelpText": null,
      "label": "Shipping Zip/Postal Code",
      "name": "ShippingPostalCode",
      "nillable": true,
      "picklistValues": [],
      "referenceTo": [],
      "relationshipName": null,
      "sortable": true,
      "type": "string"
    },
    {
      "aggregatable": true,
      "custom": false,
      "defaultValue": null,
      "extraTypeInfo": null,
      "filterable": true,
      "groupable": true,
      "inlineHelpText": null,
      "label": "Shipping Country",
      "name": "ShippingCountry",
      "nillable": true,
      "picklistValues": [],
      "referenceTo": [],
      "relationshipName": null,
      "sortable": true,
      "type": "string"
    },
    {
      "aggregatable": true,
      "custom": false,
      "defaultValue": null,
      "extraTypeInfo": null,
      "filterable": true,
      "groupable": false,
      "inlineHelpText": null,
      "label": "Shipping Latitude",
      "name": "ShippingLatitude",
      "nillable": true,
      "picklistValues": [],
      "referenceTo": [],
      "relationshipName": null,
      "sortable": true,
      "type": "double"
    },
    {
      "aggregatable": true,
      "custom": false,
      "defaultValue": null,
      "extraTypeInfo": null,
      "filterable": true,
      "groupable": false,
      "inlineHelpText": null,
      "label": "Shipping Longitude",
      "name": "ShippingLongitude",
      "nillable": true,
      "picklistValues": [],
      "referenceTo": [],
      "relationshipName": null,
      "sortable": true,
      "type": "double"
    },
    {
      "aggregatable": true,
      "custom": false,
      "defaultValue": null,
      "extraTypeInfo": null,
      "filterable": true,
      "groupable": true,
      "inlineHelpText": null,
      "label": "Shipping Geocode Accuracy",
      "name": "ShippingGeocodeAccuracy",
      "nillable": true,
      "picklistValues": [
        {
          "active": true,
          "defaultValue": false,
          "label": "Address",
          "validFor": null,
          "value": "Address"
        },
        {
          "active": true,
          "defaultValue": false,
          "label": "NearAddress",
          "validFor": null,
          "value": "NearAddress"
        },
        {
          "active": true,
          "defaultValue": false,
          "label": "Block",
          "validFor": null,
          "value": "Block"
        },
        {
          "active": true,
          "defaultValue": false,
          "label": "Street",
          "validFor": null,
          "value": "Street"
        },
        {
          "active": true,
          "defaultValue": false,
          "label": "ExtendedZip",
          "validFor": null,
          "value": "ExtendedZip"
        },
        {
          "active": true,
          "defaultValue": false,
          "label": "Zip",
          "validFor": null,
          "value": "Zip"
        },
        {
          "active": true,
          "defaultValue": false,
          "label": "Neighborhood",
          "validFor": null,
          "value": "Neighborhood"
        },
        {
          "active": true,
          "defaultValue": false,
          "label": "City",
          "validFor": null,
          "value": "City"
        },
        {
          "active": true,
          "defaultValue": false,
          "label": "County",
          "validFor": null,
          "value": "County"
        },
        {
          "active": true,
          "defaultValue": false,
          "label": "State",
          "validFor": null,
          "value": "State"
        },
        {
          "active": true,
          "defaultValue": false,
          "label": "Unknown",
          "validFor": null,
          "value": "Unknown"
        }
      ],
      "referenceTo": [],
      "relationshipName": null,
      "sortable": true,
      "type": "picklist"
    },
    {
      "aggregatable": false,
      "custom": false,
      "defaultValue": null,
      "extraTypeInfo": null,
      "filterable": true,
      "groupable": false,
      "inlineHelpText": null,
      "label": "Shipping Address",
      "name": "ShippingAddress",
      "nillable": true,
      "picklistValues": [],
      "referenceTo": [],
      "relationshipName": null,
      "sortable": false,
      "type": "address"
    },
    {
      "aggregatable": true,
      "custom": false,
      "defaultValue": null,
      "extraTypeInfo": null,
      "filterable": true,
      "groupable": true,
      "inlineHelpText": null,
      "label": "Account Phone",
      "name": "Phone",
      "nillable": true,
      "picklistValues": [],
      "referenceTo": [],
      "relationshipName": null,
      "sortable": true,
      "type": "phone"
    },
    {
      "aggregatable": true,
      "custom": false,
      "defaultValue": null,
      "extraTypeInfo": null,
      "filterable": true,
      "groupable": true,
      "inlineHelpText": null,
      "label": "Account Fax",
      "name": "Fax",
      "nillable": true,
      "picklistValues": [],
      "referenceTo": [],
      "relationshipName": null,
      "sortable": true,
      "type": "phone"
    },
    {
      "aggregatable": true,
      "custom": false,
      "defaultValue": null,
      "extraTypeInfo": null,
      "filterable": true,
      "groupable": true,
      "inlineHelpText": null,
      "label": "Account Number",
      "name": "AccountNumber",
      "nillable": true,
      "picklistValues": [],
      "referenceTo": [],
      "relationshipName": null,
      "sortable": true,
      "type": "string"
    },
    {
      "aggregatable": true,
      "custom": false,
      "defaultValue": null,
      "extraTypeInfo": null,
      "filterable": true,
      "groupable": true,
      "inlineHelpText": null,
      "label": "Website",
      "name": "Website",
      "nillable": true,
      "picklistValues": [],
      "referenceTo": [],
      "relationshipName": null,
      "sortable": true,
      "type": "url"
    },
    {
      "aggregatable": true,
      "custom": false,
      "defaultValue": null,
      "extraTypeInfo": "imageurl",
      "filterable": true,
      "groupable": true,
      "inlineHelpText": null,
      "label": "Photo URL",
      "name": "PhotoUrl",
      "nillable": true,
      "picklistValues": [],
      "referenceTo": [],
      "relationshipName": null,
      "sortable": true,
      "type": "url"
    },
    {
      "aggregatable": true,
      "custom": false,
      "defaultValue": null,
      "extraTypeInfo": null,
      "filterable": true,
      "groupable": true,
      "inlineHelpText": null,
      "label": "SIC Code",
      "name": "Sic",
      "nillable": true,
      "picklistValues": [],
      "referenceTo": [],
      "relationshipName": null,
      "sortable": true,
      "type": "string"
    },
    {
      "aggregatable": true,
      "custom": false,
      "defaultValue": null,
      "extraTypeInfo": null,
      "filterable": true,
      "groupable": true,
      "inlineHelpText": null,
      "label": "Industry",
      "name": "Industry",
      "nillable": true,
      "picklistValues": [
        {
          "active": true,
          "defaultValue": false,
          "label": "Agriculture",
          "validFor": null,
          "value": "Agriculture"
        },
        {
          "active": true,
          "defaultValue": false,
          "label": "Apparel",
          "validFor": null,
          "value": "Apparel"
        },
        {
          "active": true,
          "defaultValue": false,
          "label": "Banking",
          "validFor": null,
          "value": "Banking"
        },
        {
          "active": true,
          "defaultValue": false,
          "label": "Biotechnology",
          "validFor": null,
          "value": "Biotechnology"
        },
        {
          "active": true,
          "defaultValue": false,
          "label": "Chemicals",
          "validFor": null,
          "value": "Chemicals"
        },
        {
          "active": true,
          "defaultValue": false,
          "label": "Communications",
          "validFor": null,
          "value": "Communications"
        },
        {
          "active": true,
          "defaultValue": false,
          "label": "Construction",
          "validFor": null,
          "value": "Construction"
        },
        {
          "active": true,
          "defaultValue": false,
          "label": "Consulting",
          "validFor": null,
          "value": "Consulting"
        },
        {
          "active": true,
          "defaultValue": false,
          "label": "Education",
          "validFor": null,
          "value": "Education"
        },
        {
          "active": true,
          "defaultValue": false,
          "label": "Electronics",
          "validFor": null,
          "value": "Electronics"
        },
        {
          "active": true,
          "defaultValue": false,
          "label": "Energy",
          "validFor": null,
          "value": "Energy"
        },
        {
          "active": true,
          "defaultValue": false,
          "label": "Engineering",
          "validFor": null,
          "value": "Engineering"
        },
        {
          "active": true,
          "defaultValue": false,
          "label": "Entertainment",
          "validFor": null,
          "value": "Entertainment"
        },
        {
          "active": true,
          "defaultValue": false,
          "label": "Environmental",
          "validFor": null,
          "value": "Environmental"
        },
        {
          "active": true,
          "defaultValue": false,
          "label": "Finance",
          "validFor": null,
          "value": "Finance"
        },
        {
          "active": true,
          "defaultValue": false,
          "label": "Food & Beverage",
          "validFor": null,
          "value": "Food & Beverage"
        },
        {
          "active": true,
          "defaultValue": false,
          "label": "Government",
          "validFor": null,
          "value": "Government"
        },
        {
          "active": true,
          "defaultValue": false,
          "label": "Healthcare",
          "validFor": null,
          "value": "Healthcare"
        },
        {
          "active": true,
          "defaultValue": false,
          "label": "Hospitality",
          "validFor": null,
          "value": "Hospitality"
        },
        {
          "active": true,
          "defaultValue": false,
          "label": "Insurance",
          "validFor": null,
          "value": "Insurance"
        },
        {
          "active": true,
          "defaultValue": false,
          "label": "Machinery",
          "validFor": null,
          "value": "Machinery"
        },
        {
          "active": true,
          "defaultValue": false,
          "label": "Manufacturing",
          "validFor": null,
          "value": "Manufacturing"
        },
        {
          "active": true,
          "defaultValue": false,
          "label": "Media",
          "validFor": null,
          "value": "Media"
        },
        {
          "active": true,
          "defaultValue": false,
          "label": "Not For Profit",
          "validFor": null,
          "value": "Not For Profit"
        },
        {
          "active": true,
          "defaultValue": false,
          "label": "Recreation",
          "validFor": null,
          "value": "Recreation"
        },
        {
          "active": true,
          "defaultValue": false,
          "label": "Retail",
          "validFor": null,
          "value": "Retail"
        },
        {
          "active": true,
          "defaultValue": false,
          "label": "Shipping",
          "validFor": null,
          "value": "Shipping"
        },
        {
          "active": true,
          "defaultValue": false,
          "label": "Technology",
          "validFor": null,
          "value": "Technology"
        },
        {
          "active": true,
          "defaultValue": false,
          "label": "Telecommunications",
          "validFor": null,
          "value": "Telecommunications"
        },
        {
          "active": true,
          "defaultValue": false,
          "label": "Transportation",
          "validFor": null,
          "value": "Transportation"
        },
        {
          "active": true,
          "defaultValue": false,
          "label": "Utilities",
          "validFor": null,
          "value": "Utilities"
        },
        {
          "active": true,
          "defaultValue": false,
          "label": "Other",
          "validFor": null,
          "value": "Other"
        }
      ],
      "referenceTo": [],
      "relationshipName": null,
      "sortable": true,
      "type": "picklist"
    },
    {
      "aggregatable": true,
      "custom": false,
      "defaultValue": null,
      "extraTypeInfo": null,
      "filterable": true,
      "groupable": false,
      "inlineHelpText": null,
      "label": "Annual Revenue",
      "name": "AnnualRevenue",
      "nillable": true,
      "picklistValues": [],
      "referenceTo": [],
      "relationshipName": null,
      "sortable": true,
      "type": "currency"
    },
    {
      "aggregatable": true,
      "custom": false,
      "defaultValue": null,
      "extraTypeInfo": null,
      "filterable": true,
      "groupable": true,
      "inlineHelpText": null,
      "label": "Employees",
      "name": "NumberOfEmployees",
      "nillable": true,
      "picklistValues": [],
      "referenceTo": [],
      "relationshipName": null,
      "sortable": true,
      "type": "int"
    },
    {
      "aggregatable": true,
      "custom": false,
      "defaultValue": null,
      "extraTypeInfo": null,
      "filterable": true,
      "groupable": true,
      "inlineHelpText": null,
      "label": "Ownership",
      "name": "Ownership",
      "nillable": true,
      "picklistValues": [
        {
          "active": true,
          "defaultValue": false,
          "label": "Public",
          "validFor": null,
          "value": "Public"
        },
        {
          "active": true,
          "defaultValue": false,
          "label": "Private",
          "validFor": null,
          "value": "Private"
        },
        {
          "active": true,
          "defaultValue": false,
          "label": "Subsidiary",
          "validFor": null,
          "value": "Subsidiary"
        },
        {
          "active": true,
          "defaultValue": false,
          "label": "Other",
          "validFor": null,
          "value": "Other"
        }
      ],
      "referenceTo": [],
      "relationshipName": null,
      "sortable": true,
      "type": "picklist"
    },
    {
      "aggregatable": true,
      "custom": false,
      "defaultValue": null,
      "extraTypeInfo": null,
      "filterable": true,
      "groupable": true,
      "inlineHelpText": null,
      "label": "Ticker Symbol",
      "name": "TickerSymbol",
      "nillable": true,
      "picklistValues": [],
      "referenceTo": [],
      "relationshipName": null,
      "sortable": true,
      "type": "string"
    },
    {
      "aggregatable": false,
      "custom": false,
      "defaultValue": null,
      "extraTypeInfo": "plaintextarea",
      "filterable": false,
      "groupable": false,
      "inlineHelpText": null,
      "label": "Account Description",
      "name": "Description",
      "nillable": true,
      "picklistValues": [],
      "referenceTo": [],
      "relationshipName": null,
      "sortable": false,
      "type": "textarea"
    },
    {
      "aggregatable": true,
      "custom": false,
      "defaultValue": null,
      "extraTypeInfo": null,
      "filterable": true,
      "groupable": true,
      "inlineHelpText": null,
      "label": "Account Rating",
      "name": "Rating",
      "nillable": true,
      "picklistValues": [
        {
          "active": true,
          "defaultValue": false,
          "label": "Hot",
          "validFor": null,
          "value": "Hot"
        },
        {
          "active": true,
          "defaultValue": false,
          "label": "Warm",
          "validFor": null,
          "value": "Warm"
        },
        {
          "active": true,
          "defaultValue": false,
          "label": "Cold",
          "validFor": null,
          "value": "Cold"
        }
      ],
      "referenceTo": [],
      "relationshipName": null,
      "sortable": true,
      "type": "picklist"
    },
    {
      "aggregatable": true,
      "custom": false,
      "defaultValue": null,
      "extraTypeInfo": null,
      "filterable": true,
      "groupable": true,
      "inlineHelpText": null,
      "label": "Account Site",
      "name": "Site",
      "nillable": true,
      "picklistValues": [],
      "referenceTo": [],
      "relationshipName": null,
      "sortable": true,
      "type": "string"
    },
    {
      "aggregatable": true,
      "custom": false,
      "defaultValue": null,
      "extraTypeInfo": null,
      "filterable": true,
      "groupable": true,
      "inlineHelpText": null,
      "label": "Owner ID",
      "name": "OwnerId",
      "nillable": false,
      "picklistValues": [],
      "referenceTo": [
        "User"
      ],
      "relationshipName": "Owner",
      "sortable": true,
      "type": "reference"
    },
    {
      "aggregatable": true,
      "custom": false,
      "defaultValue": null,
      "extraTypeInfo": null,
      "filterable": true,
      "groupable": false,
      "inlineHelpText": null,
      "label": "Created Date",
      "name": "CreatedDate",
      "nillable": false,
      "picklistValues": [],
      "referenceTo": [],
      "relationshipName": null,
      "sortable": true,
      "type": "datetime"
    },
    {
      "aggregatable": true,
      "custom": false,
      "defaultValue": null,
      "extraTypeInfo": null,
      "filterable": true,
      "groupable": true,
      "inlineHelpText": null,
      "label": "Created By ID",
      "name": "CreatedById",
      "nillable": false,
      "picklistValues": [],
      "referenceTo": [
        "User"
      ],
      "relationshipName": "CreatedBy",
      "sortable": true,
      "type": "reference"
    },
    {
      "aggregatable": true,
      "custom": false,
      "defaultValue": null,
      "extraTypeInfo": null,
      "filterable": true,
      "groupable": false,
      "inlineHelpText": null,
      "label": "Last Modified Date",
      "name": "LastModifiedDate",
      "nillable": false,
      "picklistValues": [],
      "referenceTo": [],
      "relationshipName": null,
      "sortable": true,
      "type": "datetime"
    },
    {
      "aggregatable": true,
      "custom": false,
      "defaultValue": null,
      "extraTypeInfo": null,
      "filterable": true,
      "groupable": true,
      "inlineHelpText": null,
      "label": "Last Modified By ID",
      "name": "LastModifiedById",
      "nillable": false,
      "picklistValues": [],
      "referenceTo": [
        "User"
      ],
      "relationshipName": "LastModifiedBy",
      "sortable": true,
      "type": "reference"
    },
    {
      "aggregatable": true,
      "custom": false,
      "defaultValue": null,
      "extraTypeInfo": null,
      "filterable": true,
      "groupable": false,
      "inlineHelpText": null,
      "label": "System Modstamp",
      "name": "SystemModstamp",
      "nillable": false,
      "picklistValues": [],
      "referenceTo": [],
      "relationshipName": null,
      "sortable": true,
      "type": "datetime"
    },
    {
      "aggregatable": true,
      "custom": false,
      "defaultValue": null,
      "extraTypeInfo": null,
      "filterable": true,
      "groupable": true,
      "inlineHelpText": null,
      "label": "Last Activity",
      "name": "LastActivityDate",
      "nillable": true,
      "picklistValues": [],
      "referenceTo": [],
      "relationshipName": null,
      "sortable": true,
      "type": "date"
    },
    {
      "aggregatable": true,
      "custom": false,
      "defaultValue": null,
      "extraTypeInfo": null,
      "filterable": true,
      "groupable": false,
      "inlineHelpText": null,
      "label": "Last Viewed Date",
      "name": "LastViewedDate",
      "nillable": true,
      "picklistValues": [],
      "referenceTo": [],
      "relationshipName": null,
      "sortable": true,
      "type": "datetime"
    },
    {
      "aggregatable": true,
      "custom": false,
      "defaultValue": null,
      "extraTypeInfo": null,
      "filterable": true,
      "groupable": false,
      "inlineHelpText": null,
      "label": "Last Referenced Date",
      "name": "LastReferencedDate",
      "nillable": true,
      "picklistValues": [],
      "referenceTo": [],
      "relationshipName": null,
      "sortable": true,
      "type": "datetime"
    },
    {
      "aggregatable": true,
      "custom": false,
      "defaultValue": null,
      "extraTypeInfo": null,
      "filterable": true,
      "groupable": true,
      "inlineHelpText": null,
      "label": "Data.com Key",
      "name": "Jigsaw",
      "nillable": true,
      "picklistValues": [],
      "referenceTo": [],
      "relationshipName": null,
      "sortable": true,
      "type": "string"
    },
    {
      "aggregatable": true,
      "custom": false,
      "defaultValue": null,
      "extraTypeInfo": null,
      "filterable": true,
      "groupable": true,
      "inlineHelpText": null,
      "label": "Jigsaw Company ID",
      "name": "JigsawCompanyId",
      "nillable": true,
      "picklistValues": [],
      "referenceTo": [],
      "relationshipName": "JigsawCompany",
      "sortable": true,
      "type": "string"
    },
    {
      "aggregatable": true,
      "custom": false,
      "defaultValue": null,
      "extraTypeInfo": null,
      "filterable": true,
      "groupable": true,
      "inlineHelpText": null,
      "label": "Clean Status",
      "name": "CleanStatus",
      "nillable": true,
      "picklistValues": [
        {
          "active": true,
          "defaultValue": false,
          "label": "In Sync",
          "validFor": null,
          "value": "Matched"
        },
        {
          "active": true,
          "defaultValue": false,
          "label": "Different",
          "validFor": null,
          "value": "Different"
        },
        {
          "active": true,
          "defaultValue": false,
          "label": "Reviewed",
          "validFor": null,
          "value": "Acknowledged"
        },
        {
          "active": true,
          "defaultValue": false,
          "label": "Not Found",
          "validFor": null,
          "value": "NotFound"
        },
        {
          "active": true,
          "defaultValue": false,
          "label": "Inactive",
          "validFor": null,
          "value": "Inactive"
        },
        {
          "active": true,
          "defaultValue": false,
          "label": "Not Compared",
          "validFor": null,
          "value": "Pending"
        },
        {
          "active": true,
          "defaultValue": false,
          "label": "Select Match",
          "validFor": null,
          "value": "SelectMatch"
        },
        {
          "active": true,
          "defaultValue": false,
          "label": "Skipped",
          "validFor": null,
          "value": "Skipped"
        }
      ],
      "referenceTo": [],
      "relationshipName": null,
      "sortable": true,
      "type": "picklist"
    },
    {
      "aggregatable": true,
      "custom": false,
      "defaultValue": null,
      "extraTypeInfo": null,
      "filterable": true,
      "groupable": true,
      "inlineHelpText": null,
      "label": "Account Source",
      "name": "AccountSource",
      "nillable": true,
      "picklistValues": [
        {
          "active": true,
          "defaultValue": false,
          "label": "Web",
          "validFor": null,
          "value": "Web"
        },
        {
          "active": true,
          "defaultValue": false,
          "label": "Phone Inquiry",
          "validFor": null,
          "value": "Phone Inquiry"
        },
        {
          "active": true,
          "defaultValue": false,
          "label": "Partner Referral",
          "validFor": null,
          "value": "Partner Referral"
        },
        {
          "active": true,
          "defaultValue": false,
          "label": "Purchased List",
          "validFor": null,
          "value": "Purchased List"
        },
        {
          "active": true,
          "defaultValue": false,
          "label": "Other",
          "validFor": null,
          "value": "Other"
        }
      ],
      "referenceTo": [],
      "relationshipName": null,
      "sortable": true,
      "type": "picklist"
    },
    {
      "aggregatable": true,
      "custom": false,
      "defaultValue": null,
      "extraTypeInfo": null,
      "filterable": true,
      "groupable": true,
      "inlineHelpText": null,
      "label": "D-U-N-S Number",
      "name": "DunsNumber",
      "nillable": true,
      "picklistValues": [],
      "referenceTo": [],
      "relationshipName": null,
      "sortable": true,
      "type": "string"
    },
    {
      "aggregatable": true,
      "custom": false,
      "defaultValue": null,
      "extraTypeInfo": null,
      "filterable": true,
      "groupable": true,
      "inlineHelpText": null,
      "label": "Tradestyle",
      "name": "Tradestyle",
      "nillable": true,
      "picklistValues": [],
      "referenceTo": [],
      "relationshipName": null,
      "sortable": true,
      "type": "string"
    },
    {
      "aggregatable": true,
      "custom": false,
      "defaultValue": null,
      "extraTypeInfo": null,
      "filterable": true,
      "groupable": true,
      "inlineHelpText": null,
      "label": "NAICS Code",
      "name": "NaicsCode",
      "nillable": true,
      "picklistValues": [],
      "referenceTo": [],
      "relationshipName": null,
      "sortable": true,
      "type": "string"
    },
    {
      "aggregatable": true,
      "custom": false,
      "defaultValue": null,
      "extraTypeInfo": null,
      "filterable": true,
      "groupable": true,
      "inlineHelpText": null,
      "label": "NAICS Description",
      "name": "NaicsDesc",
      "nillable": true,
      "picklistValues": [],
      "referenceTo": [],
      "relationshipName": null,
      "sortable": true,
      "type": "string"
    },
    {
      "aggregatable": true,
      "custom": false,
      "defaultValue": null,
      "extraTypeInfo": null,
      "filterable": true,
      "groupable": true,
      "inlineHelpText": null,
      "label": "Year Started",
      "name": "YearStarted",
      "nillable": true,
      "picklistValues": [],
      "referenceTo": [],
      "relationshipName": null,
      "sortable": true,
      "type": "string"
    },
    {
      "aggregatable": true,
      "custom": false,
      "defaultValue": null,
      "extraTypeInfo": null,
      "filterable": true,
      "groupable": true,
      "inlineHelpText": null,
      "label": "SIC Description",
      "name": "SicDesc",
      "nillable": true,
      "picklistValues": [],
      "referenceTo": [],
      "relationshipName": null,
      "sortable": true,
      "type": "string"
    },
    {
      "aggregatable": true,
      "custom": false,
      "defaultValue": null,
      "extraTypeInfo": null,
      "filterable": true,
      "groupable": true,
      "inlineHelpText": null,
      "label": "D&B Company ID",
      "name": "DandbCompanyId",
      "nillable": true,
      "picklistValues": [],
      "referenceTo": [
        "DandBCompany"
      ],
      "relationshipName": "DandbCompany",
      "sortable": true,
      "type": "reference"
    },
    {
      "aggregatable": true,
      "custom": false,
      "defaultValue": null,
      "extraTypeInfo": null,
      "filterable": true,
      "groupable": true,
      "inlineHelpText": null,
      "label": "Operating Hour ID",
      "name": "OperatingHoursId",
      "nillable": true,
      "picklistValues": [],
      "referenceTo": [
        "OperatingHours"
      ],
      "relationshipName": "OperatingHours",
      "sortable": true,
      "type": "reference"
    }
  ],
  "label": "Account",
  "childRelationships": [
    {
      "cascadeDelete": true,
      "childSObject": "AIInsightValue",
      "deprecatedAndHidden": false,
      "field": "SobjectLookupValueId",
      "junctionIdListNames": [],
      "junctionReferenceTo": [],
      "relationshipName": null,
      "restrictedDelete": false
    },
    {
      "cascadeDelete": true,
      "childSObject": "AIRecordInsight",
      "deprecatedAndHidden": false,
      "field": "TargetId",
      "junctionIdListNames": [],
      "junctionReferenceTo": [],
      "relationshipName": null,
      "restrictedDelete": false
    },
    {
      "cascadeDelete": false,
      "childSObject": "Account",
      "deprecatedAndHidden": false,
      "field": "ParentId",
      "junctionIdListNames": [],
      "junctionReferenceTo": [],
      "relationshipName": "ChildAccounts",
      "restrictedDelete": false
    },
    {
      "cascadeDelete": false,
      "childSObject": "AccountChangeEvent",
      "deprecatedAndHidden": false,
      "field": "ParentId",
      "junctionIdListNames": [],
      "junctionReferenceTo": [],
      "relationshipName": null,
      "restrictedDelete": false
    },
    {
      "cascadeDelete": true,
      "childSObject": "AccountCleanInfo",
      "deprecatedAndHidden": false,
      "field": "AccountId",
      "junctionIdListNames": [],
      "junctionReferenceTo": [],
      "relationshipName": "AccountCleanInfos",
      "restrictedDelete": false
    },
    {
      "cascadeDelete": true,
      "childSObject": "AccountContactRole",
      "deprecatedAndHidden": false,
      "field": "AccountId",
      "junctionIdListNames": [],
      "junctionReferenceTo": [],
      "relationshipName": "AccountContactRoles",
      "restrictedDelete": false
    },
    {
      "cascadeDelete": false,
      "childSObject": "AccountContactRoleChangeEvent",
      "deprecatedAndHidden": false,
      "field": "AccountId",
      "junctionIdListNames": [],
      "junctionReferenceTo": [],
      "relationshipName": null,
      "restrictedDelete": false
    },
    {
      "cascadeDelete": true,
      "childSObject": "AccountFeed",
      "deprecatedAndHidden": false,
      "field": "ParentId",
      "junctionIdListNames": [],
      "junctionReferenceTo": [],
      "relationshipName": "Feeds",
      "restrictedDelete": false
    },
    {
      "cascadeDelete": true,
      "childSObject": "AccountHistory",
      "deprecatedAndHidden": false,
      "field": "AccountId",
      "junctionIdListNames": [],
      "junctionReferenceTo": [],
      "relationshipName": "Histories",
      "restrictedDelete": false
    },
    {
      "cascadeDelete": true,
      "childSObject": "AccountPartner",
      "deprecatedAndHidden": false,
      "field": "AccountFromId",
      "junctionIdListNames": [],
      "junctionReferenceTo": [],
      "relationshipName": "AccountPartnersFrom",
      "restrictedDelete": false
    },
    {
      "cascadeDelete": true,
      "childSObject": "AccountPartner",
      "deprecatedAndHidden": false,
      "field": "AccountToId",
      "junctionIdListNames": [],
      "junctionReferenceTo": [],
      "relationshipName": "AccountPartnersTo",
      "restrictedDelete": false
    },
    {
      "cascadeDelete": true,
      "childSObject": "AccountShare",
      "deprecatedAndHidden": false,
      "field": "AccountId",
      "junctionIdListNames": [],
      "junctionReferenceTo": [],
      "relationshipName": "Shares",
      "restrictedDelete": false
    },
    {
      "cascadeDelete": true,
      "childSObject": "ActivityHistory",
      "deprecatedAndHidden": false,
      "field": "AccountId",
      "junctionIdListNames": [],
      "junctionReferenceTo": [],
      "relationshipName": "ActivityHistories",
      "restrictedDelete": false
    },
    {
      "cascadeDelete": false,
      "childSObject": "AlternativePaymentMethod",
      "deprecatedAndHidden": false,
      "field": "AccountId",
      "junctionIdListNames": [],
      "junctionReferenceTo": [],
      "relationshipName": "AlternativePaymentMethods",
      "restrictedDelete": false
    },
    {
      "cascadeDelete": true,
      "childSObject": "Asset",
      "deprecatedAndHidden": false,
      "field": "AccountId",
      "junctionIdListNames": [],
      "junctionReferenceTo": [],
      "relationshipName": "Assets",
      "restrictedDelete": false
    },
    {
      "cascadeDelete": false,
      "childSObject": "Asset",
      "deprecatedAndHidden": false,
      "field": "AssetProvidedById",
      "junctionIdListNames": [],
      "junctionReferenceTo": [],
      "relationshipName": "ProvidedAssets",
      "restrictedDelete": false
    },
    {
      "cascadeDelete": false,
      "childSObject": "Asset",
      "deprecatedAndHidden": false,
      "field": "AssetServicedById",
      "junctionIdListNames": [],
      "junctionReferenceTo": [],
      "relationshipName": "ServicedAssets",
      "restrictedDelete": false
    },
    {
      "cascadeDelete": false,
      "childSObject": "AssetChangeEvent",
      "deprecatedAndHidden": false,
      "field": "AccountId",
      "junctionIdListNames": [],
      "junctionReferenceTo": [],
      "relationshipName": null,
      "restrictedDelete": false
    },
    {
      "cascadeDelete": false,
      "childSObject": "AssetChangeEvent",
      "deprecatedAndHidden": false,
      "field": "AssetProvidedById",
      "junctionIdListNames": [],
      "junctionReferenceTo": [],
      "relationshipName": null,
      "restrictedDelete": false
    },
    {
      "cascadeDelete": false,
      "childSObject": "AssetChangeEvent",
      "deprecatedAndHidden": false,
      "field": "AssetServicedById",
      "junctionIdListNames": [],
      "junctionReferenceTo": [],
      "relationshipName": null,
      "restrictedDelete": false
    },
    {
      "cascadeDelete": true,
      "childSObject": "AssociatedLocation",
      "deprecatedAndHidden": false,
      "field": "ParentRecordId",
      "junctionIdListNames": [],
      "junctionReferenceTo": [],
      "relationshipName": "AssociatedLocations",
      "restrictedDelete": false
    },
    {
      "cascadeDelete": true,
      "childSObject": "AttachedContentDocument",
      "deprecatedAndHidden": false,
      "field": "LinkedEntityId",
      "junctionIdListNames": [],
      "junctionReferenceTo": [],
      "relationshipName": "AttachedContentDocuments",
      "restrictedDelete": false
    },
    {
      "cascadeDelete": true,
      "childSObject": "Attachment",
      "deprecatedAndHidden": false,
      "field": "ParentId",
      "junctionIdListNames": [],
      "junctionReferenceTo": [],
      "relationshipName": "Attachments",
      "restrictedDelete": false
    },
    {
      "cascadeDelete": false,
      "childSObject": "AuthorizationFormConsent",
      "deprecatedAndHidden": false,
      "field": "ConsentGiverId",
      "junctionIdListNames": [],
      "junctionReferenceTo": [],
      "relationshipName": "AuthorizationFormConsents",
      "restrictedDelete": true
    },
    {
      "cascadeDelete": false,
      "childSObject": "AuthorizationFormConsent",
      "deprecatedAndHidden": false,
      "field": "RelatedRecordId",
      "junctionIdListNames": [],
      "junctionReferenceTo": [],
      "relationshipName": "RelatedAuthorizationFormConsents",
      "restrictedDelete": false
    },
    {
      "cascadeDelete": false,
      "childSObject": "AuthorizationFormConsentChangeEvent",
      "deprecatedAndHidden": false,
      "field": "ConsentGiverId",
      "junctionIdListNames": [],
      "junctionReferenceTo": [],
      "relationshipName": null,
      "restrictedDelete": false
    },
    {
      "cascadeDelete": false,
      "childSObject": "AuthorizationFormConsentChangeEvent",
      "deprecatedAndHidden": false,
      "field": "RelatedRecordId",
      "junctionIdListNames": [],
      "junctionReferenceTo": [],
      "relationshipName": null,
      "restrictedDelete": false
    },
    {
      "cascadeDelete": false,
      "childSObject": "CampaignMember",
      "deprecatedAndHidden": false,
      "field": "LeadOrContactId",
      "junctionIdListNames": [],
      "junctionReferenceTo": [],
      "relationshipName": null,
      "restrictedDelete": false
    },
    {
      "cascadeDelete": false,
      "childSObject": "CardPaymentMethod",
      "deprecatedAndHidden": false,
      "field": "AccountId",
      "junctionIdListNames": [],
      "junctionReferenceTo": [],
      "relationshipName": "CardPaymentMethods",
      "restrictedDelete": false
    },
    {
      "cascadeDelete": false,
      "childSObject": "Case",
      "deprecatedAndHidden": false,
      "field": "AccountId",
      "junctionIdListNames": [],
      "junctionReferenceTo": [],
      "relationshipName": "Cases",
      "restrictedDelete": true
    },
    {
      "cascadeDelete": false,
      "childSObject": "CaseChangeEvent",
      "deprecatedAndHidden": false,
      "field": "AccountId",
      "junctionIdListNames": [],
      "junctionReferenceTo": [],
      "relationshipName": null,
      "restrictedDelete": false
    },
    {
      "cascadeDelete": true,
      "childSObject": "CollaborationGroupRecord",
      "deprecatedAndHidden": false,
      "field": "RecordId",
      "junctionIdListNames": [],
      "junctionReferenceTo": [],
      "relationshipName": "RecordAssociatedGroups",
      "restrictedDelete": false
    },
    {
      "cascadeDelete": true,
      "childSObject": "CombinedAttachment",
      "deprecatedAndHidden": false,
      "field": "ParentId",
      "junctionIdListNames": [],
      "junctionReferenceTo": [],
      "relationshipName": "CombinedAttachments",
      "restrictedDelete": false
    },
    {
      "cascadeDelete": false,
      "childSObject": "CommSubscriptionConsent",
      "deprecatedAndHidden": false,
      "field": "ConsentGiverId",
      "junctionIdListNames": [],
      "junctionReferenceTo": [],
      "relationshipName": "CommSubscriptionConsents",
      "restrictedDelete": true
    },
    {
      "cascadeDelete": false,
      "childSObject": "CommSubscriptionConsentChangeEvent",
      "deprecatedAndHidden": false,
      "field": "ConsentGiverId",
      "junctionIdListNames": [],
      "junctionReferenceTo": [],
      "relationshipName": null,
      "restrictedDelete": false
    },
    {
      "cascadeDelete": true,
      "childSObject": "Contact",
      "deprecatedAndHidden": false,
      "field": "AccountId",
      "junctionIdListNames": [],
      "junctionReferenceTo": [],
      "relationshipName": "Contacts",
      "restrictedDelete": false
    },
    {
      "cascadeDelete": false,
      "childSObject": "ContactChangeEvent",
      "deprecatedAndHidden": false,
      "field": "AccountId",
      "junctionIdListNames": [],
      "junctionReferenceTo": [],
      "relationshipName": null,
      "restrictedDelete": false
    },
    {
      "cascadeDelete": true,
      "childSObject": "ContactPointAddress",
      "deprecatedAndHidden": false,
      "field": "ParentId",
      "junctionIdListNames": [],
      "junctionReferenceTo": [],
      "relationshipName": "ContactPointAddresses",
      "restrictedDelete": false
    },
    {
      "cascadeDelete": false,
      "childSObject": "ContactPointAddressChangeEvent",
      "deprecatedAndHidden": false,
      "field": "ParentId",
      "junctionIdListNames": [],
      "junctionReferenceTo": [],
      "relationshipName": null,
      "restrictedDelete": false
    },
    {
      "cascadeDelete": true,
      "childSObject": "ContactPointEmail",
      "deprecatedAndHidden": false,
      "field": "ParentId",
      "junctionIdListNames": [],
      "junctionReferenceTo": [],
      "relationshipName": "ContactPointEmails",
      "restrictedDelete": false
    },
    {
      "cascadeDelete": false,
      "childSObject": "ContactPointEmailChangeEvent",
      "deprecatedAndHidden": false,
      "field": "ParentId",
      "junctionIdListNames": [],
      "junctionReferenceTo": [],
      "relationshipName": null,
      "restrictedDelete": false
    },
    {
      "cascadeDelete": true,
      "childSObject": "ContactPointPhone",
      "deprecatedAndHidden": false,
      "field": "ParentId",
      "junctionIdListNames": [],
      "junctionReferenceTo": [],
      "relationshipName": "ContactPointPhones",
      "restrictedDelete": false
    },
    {
      "cascadeDelete": false,
      "childSObject": "ContactPointPhoneChangeEvent",
      "deprecatedAndHidden": false,
      "field": "ParentId",
      "junctionIdListNames": [],
      "junctionReferenceTo": [],
      "relationshipName": null,
      "restrictedDelete": false
    },
    {
      "cascadeDelete": false,
      "childSObject": "ContactRequest",
      "deprecatedAndHidden": false,
      "field": "WhatId",
      "junctionIdListNames": [],
      "junctionReferenceTo": [],
      "relationshipName": "ContactRequests",
      "restrictedDelete": false
    },
    {
      "cascadeDelete": true,
      "childSObject": "ContentDistribution",
      "deprecatedAndHidden": false,
      "field": "RelatedRecordId",
      "junctionIdListNames": [],
      "junctionReferenceTo": [],
      "relationshipName": null,
      "restrictedDelete": false
    },
    {
      "cascadeDelete": true,
      "childSObject": "ContentDocumentLink",
      "deprecatedAndHidden": false,
      "field": "LinkedEntityId",
      "junctionIdListNames": [],
      "junctionReferenceTo": [],
      "relationshipName": "ContentDocumentLinks",
      "restrictedDelete": false
    },
    {
      "cascadeDelete": false,
      "childSObject": "ContentDocumentLinkChangeEvent",
      "deprecatedAndHidden": false,
      "field": "LinkedEntityId",
      "junctionIdListNames": [],
      "junctionReferenceTo": [],
      "relationshipName": null,
      "restrictedDelete": false
    },
    {
      "cascadeDelete": false,
      "childSObject": "ContentVersion",
      "deprecatedAndHidden": false,
      "field": "FirstPublishLocationId",
      "junctionIdListNames": [],
      "junctionReferenceTo": [],
      "relationshipName": null,
      "restrictedDelete": false
    },
    {
      "cascadeDelete": false,
      "childSObject": "ContentVersionChangeEvent",
      "deprecatedAndHidden": false,
      "field": "FirstPublishLocationId",
      "junctionIdListNames": [],
      "junctionReferenceTo": [],
      "relationshipName": null,
      "restrictedDelete": false
    },
    {
      "cascadeDelete": true,
      "childSObject": "Contract",
      "deprecatedAndHidden": false,
      "field": "AccountId",
      "junctionIdListNames": [],
      "junctionReferenceTo": [],
      "relationshipName": "Contracts",
      "restrictedDelete": true
    },
    {
      "cascadeDelete": false,
      "childSObject": "ContractChangeEvent",
      "deprecatedAndHidden": false,
      "field": "AccountId",
      "junctionIdListNames": [],
      "junctionReferenceTo": [],
      "relationshipName": null,
      "restrictedDelete": false
    },
    {
      "cascadeDelete": true,
      "childSObject": "CreditMemo",
      "deprecatedAndHidden": false,
      "field": "BillingAccountId",
      "junctionIdListNames": [],
      "junctionReferenceTo": [],
      "relationshipName": "CreditMemos",
      "restrictedDelete": false
    },
    {
      "cascadeDelete": false,
      "childSObject": "DigitalWallet",
      "deprecatedAndHidden": false,
      "field": "AccountId",
      "junctionIdListNames": [],
      "junctionReferenceTo": [],
      "relationshipName": "DigitalWallets",
      "restrictedDelete": false
    },
    {
      "cascadeDelete": true,
      "childSObject": "DuplicateRecordItem",
      "deprecatedAndHidden": false,
      "field": "RecordId",
      "junctionIdListNames": [],
      "junctionReferenceTo": [],
      "relationshipName": "DuplicateRecordItems",
      "restrictedDelete": false
    },
    {
      "cascadeDelete": false,
      "childSObject": "EmailMessage",
      "deprecatedAndHidden": false,
      "field": "RelatedToId",
      "junctionIdListNames": [],
      "junctionReferenceTo": [],
      "relationshipName": "Emails",
      "restrictedDelete": false
    },
    {
      "cascadeDelete": false,
      "childSObject": "EmailMessageChangeEvent",
      "deprecatedAndHidden": false,
      "field": "RelatedToId",
      "junctionIdListNames": [],
      "junctionReferenceTo": [],
      "relationshipName": null,
      "restrictedDelete": false
    },
    {
      "cascadeDelete": true,
      "childSObject": "Entitlement",
      "deprecatedAndHidden": false,
      "field": "AccountId",
      "junctionIdListNames": [],
      "junctionReferenceTo": [],
      "relationshipName": "Entitlements",
      "restrictedDelete": true
    },
    {
      "cascadeDelete": false,
      "childSObject": "EntitlementChangeEvent",
      "deprecatedAndHidden": false,
      "field": "AccountId",
      "junctionIdListNames": [],
      "junctionReferenceTo": [],
      "relationshipName": null,
      "restrictedDelete": false
    },
    {
      "cascadeDelete": true,
      "childSObject": "EntitySubscription",
      "deprecatedAndHidden": false,
      "field": "ParentId",
      "junctionIdListNames": [],
      "junctionReferenceTo": [],
      "relationshipName": "FeedSubscriptionsForEntity",
      "restrictedDelete": false
    },
    {
      "cascadeDelete": false,
      "childSObject": "Event",
      "deprecatedAndHidden": false,
      "field": "AccountId",
      "junctionIdListNames": [],
      "junctionReferenceTo": [],
      "relationshipName": null,
      "restrictedDelete": false
    },
    {
      "cascadeDelete": true,
      "childSObject": "Event",
      "deprecatedAndHidden": false,
      "field": "WhatId",
      "junctionIdListNames": [],
      "junctionReferenceTo": [],
      "relationshipName": "Events",
      "restrictedDelete": false
    },
    {
      "cascadeDelete": false,
      "childSObject": "EventChangeEvent",
      "deprecatedAndHidden": false,
      "field": "AccountId",
      "junctionIdListNames": [],
      "junctionReferenceTo": [],
      "relationshipName": null,
      "restrictedDelete": false
    },
    {
      "cascadeDelete": false,
      "childSObject": "EventChangeEvent",
      "deprecatedAndHidden": false,
      "field": "WhatId",
      "junctionIdListNames": [],
      "junctionReferenceTo": [],
      "relationshipName": null,
      "restrictedDelete": false
    },
    {
      "cascadeDelete": false,
      "childSObject": "EventRelationChangeEvent",
      "deprecatedAndHidden": false,
      "field": "RelationId",
      "junctionIdListNames": [],
      "junctionReferenceTo": [],
      "relationshipName": null,
      "restrictedDelete": false
    },
    {
      "cascadeDelete": false,
      "childSObject": "Expense",
      "deprecatedAndHidden": false,
      "field": "AccountId",
      "junctionIdListNames": [],
      "junctionReferenceTo": [],
      "relationshipName": "Expenses",
      "restrictedDelete": false
    },
    {
      "cascadeDelete": false,
      "childSObject": "ExpenseChangeEvent",
      "deprecatedAndHidden": false,
      "field": "AccountId",
      "junctionIdListNames": [],
      "junctionReferenceTo": [],
      "relationshipName": null,
      "restrictedDelete": false
    },
    {
      "cascadeDelete": false,
      "childSObject": "FeedComment",
      "deprecatedAndHidden": false,
      "field": "ParentId",
      "junctionIdListNames": [],
      "junctionReferenceTo": [],
      "relationshipName": null,
      "restrictedDelete": false
    },
    {
      "cascadeDelete": true,
      "childSObject": "FeedItem",
      "deprecatedAndHidden": false,
      "field": "ParentId",
      "junctionIdListNames": [],
      "junctionReferenceTo": [],
      "relationshipName": null,
      "restrictedDelete": false
    },
    {
      "cascadeDelete": false,
      "childSObject": "FinanceBalanceSnapshot",
      "deprecatedAndHidden": false,
      "field": "AccountId",
      "junctionIdListNames": [],
      "junctionReferenceTo": [],
      "relationshipName": "FinanceBalanceSnapshots",
      "restrictedDelete": false
    },
    {
      "cascadeDelete": false,
      "childSObject": "FinanceBalanceSnapshotChangeEvent",
      "deprecatedAndHidden": false,
      "field": "AccountId",
      "junctionIdListNames": [],
      "junctionReferenceTo": [],
      "relationshipName": null,
      "restrictedDelete": false
    },
    {
      "cascadeDelete": false,
      "childSObject": "FinanceTransaction",
      "deprecatedAndHidden": false,
      "field": "AccountId",
      "junctionIdListNames": [],
      "junctionReferenceTo": [],
      "relationshipName": "FinanceTransactions",
      "restrictedDelete": false
    },
    {
      "cascadeDelete": false,
      "childSObject": "FinanceTransactionChangeEvent",
      "deprecatedAndHidden": false,
      "field": "AccountId",
      "junctionIdListNames": [],
      "junctionReferenceTo": [],
      "relationshipName": null,
      "restrictedDelete": false
    },
    {
      "cascadeDelete": false,
      "childSObject": "FlowExecutionErrorEvent",
      "deprecatedAndHidden": false,
      "field": "ContextRecordId",
      "junctionIdListNames": [],
      "junctionReferenceTo": [],
      "relationshipName": null,
      "restrictedDelete": false
    },
    {
      "cascadeDelete": false,
      "childSObject": "FlowOrchestrationWorkItem",
      "deprecatedAndHidden": false,
      "field": "RelatedRecordId",
      "junctionIdListNames": [],
      "junctionReferenceTo": [],
      "relationshipName": null,
      "restrictedDelete": false
    },
    {
      "cascadeDelete": false,
      "childSObject": "FlowRecordRelation",
      "deprecatedAndHidden": false,
      "field": "RelatedRecordId",
      "junctionIdListNames": [],
      "junctionReferenceTo": [],
      "relationshipName": null,
      "restrictedDelete": false
    },
    {
      "cascadeDelete": true,
      "childSObject": "Invoice",
      "deprecatedAndHidden": false,
      "field": "BillingAccountId",
      "junctionIdListNames": [],
      "junctionReferenceTo": [],
      "relationshipName": "Invoices",
      "restrictedDelete": false
    },
    {
      "cascadeDelete": false,
      "childSObject": "Lead",
      "deprecatedAndHidden": false,
      "field": "ConvertedAccountId",
      "junctionIdListNames": [],
      "junctionReferenceTo": [],
      "relationshipName": null,
      "restrictedDelete": false
    },
    {
      "cascadeDelete": false,
      "childSObject": "LeadChangeEvent",
      "deprecatedAndHidden": false,
      "field": "ConvertedAccountId",
      "junctionIdListNames": [],
      "junctionReferenceTo": [],
      "relationshipName": null,
      "restrictedDelete": false
    },
    {
      "cascadeDelete": false,
      "childSObject": "MaintenancePlan",
      "deprecatedAndHidden": false,
      "field": "AccountId",
      "junctionIdListNames": [],
      "junctionReferenceTo": [],
      "relationshipName": "MaintenancePlans",
      "restrictedDelete": false
    },
    {
      "cascadeDelete": false,
      "childSObject": "MaintenancePlanChangeEvent",
      "deprecatedAndHidden": false,
      "field": "AccountId",
      "junctionIdListNames": [],
      "junctionReferenceTo": [],
      "relationshipName": null,
      "restrictedDelete": false
    },
    {
      "cascadeDelete": false,
      "childSObject": "MessagingEndUser",
      "deprecatedAndHidden": false,
      "field": "AccountId",
      "junctionIdListNames": [],
      "junctionReferenceTo": [],
      "relationshipName": "MessagingEndUsers",
      "restrictedDelete": false
    },
    {
      "cascadeDelete": false,
      "childSObject": "MessagingSession",
      "deprecatedAndHidden": false,
      "field": "EndUserAccountId",
      "junctionIdListNames": [],
      "junctionReferenceTo": [],
      "relationshipName": "MessagingSessions",
      "restrictedDelete": false
    },
    {
      "cascadeDelete": true,
      "childSObject": "Note",
      "deprecatedAndHidden": false,
      "field": "ParentId",
      "junctionIdListNames": [],
      "junctionReferenceTo": [],
      "relationshipName": "Notes",
      "restrictedDelete": false
    },
    {
      "cascadeDelete": true,
      "childSObject": "NoteAndAttachment",
      "deprecatedAndHidden": false,
      "field": "ParentId",
      "junctionIdListNames": [],
      "junctionReferenceTo": [],
      "relationshipName": "NotesAndAttachments",
      "restrictedDelete": false
    },
    {
      "cascadeDelete": true,
      "childSObject": "OpenActivity",
      "deprecatedAndHidden": false,
      "field": "AccountId",
      "junctionIdListNames": [],
      "junctionReferenceTo": [],
      "relationshipName": "OpenActivities",
      "restrictedDelete": false
    },
    {
      "cascadeDelete": true,
      "childSObject": "Opportunity",
      "deprecatedAndHidden": false,
      "field": "AccountId",
      "junctionIdListNames": [],
      "junctionReferenceTo": [],
      "relationshipName": "Opportunities",
      "restrictedDelete": false
    },
    {
      "cascadeDelete": false,
      "childSObject": "OpportunityChangeEvent",
      "deprecatedAndHidden": false,
      "field": "AccountId",
      "junctionIdListNames": [],
      "junctionReferenceTo": [],
      "relationshipName": null,
      "restrictedDelete": false
    },
    {
      "cascadeDelete": true,
      "childSObject": "OpportunityPartner",
      "deprecatedAndHidden": false,
      "field": "AccountToId",
      "junctionIdListNames": [],
      "junctionReferenceTo": [],
      "relationshipName": "OpportunityPartnersTo",
      "restrictedDelete": false
    },
    {
      "cascadeDelete": true,
      "childSObject": "Order",
      "deprecatedAndHidden": false,
      "field": "AccountId",
      "junctionIdListNames": [],
      "junctionReferenceTo": [],
      "relationshipName": "Orders",
      "restrictedDelete": true
    },
    {
      "cascadeDelete": false,
      "childSObject": "OrderChangeEvent",
      "deprecatedAndHidden": false,
      "field": "AccountId",
      "junctionIdListNames": [],
      "junctionReferenceTo": [],
      "relationshipName": null,
      "restrictedDelete": false
    },
    {
      "cascadeDelete": false,
      "childSObject": "OutgoingEmail",
      "deprecatedAndHidden": false,
      "field": "RelatedToId",
      "junctionIdListNames": [],
      "junctionReferenceTo": [],
      "relationshipName": null,
      "restrictedDelete": false
    },
    {
      "cascadeDelete": true,
      "childSObject": "Partner",
      "deprecatedAndHidden": false,
      "field": "AccountFromId",
      "junctionIdListNames": [],
      "junctionReferenceTo": [],
      "relationshipName": "PartnersFrom",
      "restrictedDelete": false
    },
    {
      "cascadeDelete": true,
      "childSObject": "Partner",
      "deprecatedAndHidden": false,
      "field": "AccountToId",
      "junctionIdListNames": [],
      "junctionReferenceTo": [],
      "relationshipName": "PartnersTo",
      "restrictedDelete": false
    },
    {
      "cascadeDelete": false,
      "childSObject": "Payment",
      "deprecatedAndHidden": false,
      "field": "AccountId",
      "junctionIdListNames": [],
      "junctionReferenceTo": [],
      "relationshipName": "Payments",
      "restrictedDelete": false
    },
    {
      "cascadeDelete": false,
      "childSObject": "PaymentAuthAdjustment",
      "deprecatedAndHidden": false,
      "field": "AccountId",
      "junctionIdListNames": [],
      "junctionReferenceTo": [],
      "relationshipName": "PaymentAuthAdjustments",
      "restrictedDelete": false
    },
    {
      "cascadeDelete": false,
      "childSObject": "PaymentAuthorization",
      "deprecatedAndHidden": false,
      "field": "AccountId",
      "junctionIdListNames": [],
      "junctionReferenceTo": [],
      "relationshipName": "PaymentAuthorizations",
      "restrictedDelete": false
    },
    {
      "cascadeDelete": false,
      "childSObject": "PaymentLineInvoice",
      "deprecatedAndHidden": false,
      "field": "AssociatedAccountId",
      "junctionIdListNames": [],
      "junctionReferenceTo": [],
      "relationshipName": "PaymentLinesInvoice",
      "restrictedDelete": false
    },
    {
      "cascadeDelete": false,
      "childSObject": "PaymentMethod",
      "deprecatedAndHidden": false,
      "field": "AccountId",
      "junctionIdListNames": [],
      "junctionReferenceTo": [],
      "relationshipName": null,
      "restrictedDelete": false
    },
    {
      "cascadeDelete": true,
      "childSObject": "ProcessInstance",
      "deprecatedAndHidden": false,
      "field": "TargetObjectId",
      "junctionIdListNames": [],
      "junctionReferenceTo": [],
      "relationshipName": "ProcessInstances",
      "restrictedDelete": false
    },
    {
      "cascadeDelete": false,
      "childSObject": "ProcessInstanceHistory",
      "deprecatedAndHidden": false,
      "field": "TargetObjectId",
      "junctionIdListNames": [],
      "junctionReferenceTo": [],
      "relationshipName": "ProcessSteps",
      "restrictedDelete": false
    },
    {
      "cascadeDelete": false,
      "childSObject": "ProductRequest",
      "deprecatedAndHidden": false,
      "field": "AccountId",
      "junctionIdListNames": [],
      "junctionReferenceTo": [],
      "relationshipName": "ProductRequests",
      "restrictedDelete": false
    },
    {
      "cascadeDelete": false,
      "childSObject": "ProductRequestChangeEvent",
      "deprecatedAndHidden": false,
      "field": "AccountId",
      "junctionIdListNames": [],
      "junctionReferenceTo": [],
      "relationshipName": null,
      "restrictedDelete": false
    },
    {
      "cascadeDelete": false,
      "childSObject": "ProductRequestLineItem",
      "deprecatedAndHidden": false,
      "field": "AccountId",
      "junctionIdListNames": [],
      "junctionReferenceTo": [],
      "relationshipName": "ProductRequestLineItems",
      "restrictedDelete": false
    },
    {
      "cascadeDelete": false,
      "childSObject": "ProductRequestLineItemChangeEvent",
      "deprecatedAndHidden": false,
      "field": "AccountId",
      "junctionIdListNames": [],
      "junctionReferenceTo": [],
      "relationshipName": null,
      "restrictedDelete": false
    },
    {
      "cascadeDelete": true,
      "childSObject": "RecordAction",
      "deprecatedAndHidden": false,
      "field": "RecordId",
      "junctionIdListNames": [],
      "junctionReferenceTo": [],
      "relationshipName": "RecordActions",
      "restrictedDelete": false
    },
    {
      "cascadeDelete": false,
      "childSObject": "RecordActionHistory",
      "deprecatedAndHidden": false,
      "field": "ParentRecordId",
      "junctionIdListNames": [],
      "junctionReferenceTo": [],
      "relationshipName": "RecordActionHistories",
      "restrictedDelete": false
    },
    {
      "cascadeDelete": false,
      "childSObject": "Refund",
      "deprecatedAndHidden": false,
      "field": "AccountId",
      "junctionIdListNames": [],
      "junctionReferenceTo": [],
      "relationshipName": "Refunds",
      "restrictedDelete": false
    },
    {
      "cascadeDelete": false,
      "childSObject": "RefundLinePayment",
      "deprecatedAndHidden": false,
      "field": "AssociatedAccountId",
      "junctionIdListNames": [],
      "junctionReferenceTo": [],
      "relationshipName": "RefundLinePayments",
      "restrictedDelete": false
    },
    {
      "cascadeDelete": true,
      "childSObject": "ResourcePreference",
      "deprecatedAndHidden": false,
      "field": "RelatedRecordId",
      "junctionIdListNames": [],
      "junctionReferenceTo": [],
      "relationshipName": "ResourcePreferences",
      "restrictedDelete": false
    },
    {
      "cascadeDelete": false,
      "childSObject": "ResourcePreferenceChangeEvent",
      "deprecatedAndHidden": false,
      "field": "RelatedRecordId",
      "junctionIdListNames": [],
      "junctionReferenceTo": [],
      "relationshipName": null,
      "restrictedDelete": false
    },
    {
      "cascadeDelete": false,
      "childSObject": "ReturnOrder",
      "deprecatedAndHidden": false,
      "field": "AccountId",
      "junctionIdListNames": [],
      "junctionReferenceTo": [],
      "relationshipName": "ReturnOrders",
      "restrictedDelete": false
    },
    {
      "cascadeDelete": false,
      "childSObject": "ReturnOrderChangeEvent",
      "deprecatedAndHidden": false,
      "field": "AccountId",
      "junctionIdListNames": [],
      "junctionReferenceTo": [],
      "relationshipName": null,
      "restrictedDelete": false
    },
    {
      "cascadeDelete": true,
      "childSObject": "ScorecardAssociation",
      "deprecatedAndHidden": false,
      "field": "TargetEntityId",
      "junctionIdListNames": [],
      "junctionReferenceTo": [],
      "relationshipName": "ScorecardAssociations",
      "restrictedDelete": false
    },
    {
      "cascadeDelete": false,
      "childSObject": "ServiceAppointment",
      "deprecatedAndHidden": false,
      "field": "AccountId",
      "junctionIdListNames": [],
      "junctionReferenceTo": [],
      "relationshipName": "ServiceAppointmentAccount",
      "restrictedDelete": false
    },
    {
      "cascadeDelete": true,
      "childSObject": "ServiceAppointment",
      "deprecatedAndHidden": false,
      "field": "ParentRecordId",
      "junctionIdListNames": [],
      "junctionReferenceTo": [],
      "relationshipName": "ServiceAppointments",
      "restrictedDelete": false
    },
    {
      "cascadeDelete": false,
      "childSObject": "ServiceAppointmentChangeEvent",
      "deprecatedAndHidden": false,
      "field": "AccountId",
      "junctionIdListNames": [],
      "junctionReferenceTo": [],
      "relationshipName": null,
      "restrictedDelete": false
    },
    {
      "cascadeDelete": false,
      "childSObject": "ServiceAppointmentChangeEvent",
      "deprecatedAndHidden": false,
      "field": "ParentRecordId",
      "junctionIdListNames": [],
      "junctionReferenceTo": [],
      "relationshipName": null,
      "restrictedDelete": false
    },
    {
      "cascadeDelete": false,
      "childSObject": "ServiceContract",
      "deprecatedAndHidden": false,
      "field": "AccountId",
      "junctionIdListNames": [],
      "junctionReferenceTo": [],
      "relationshipName": "ServiceContracts",
      "restrictedDelete": true
    },
    {
      "cascadeDelete": false,
      "childSObject": "ServiceContractChangeEvent",
      "deprecatedAndHidden": false,
      "field": "AccountId",
      "junctionIdListNames": [],
      "junctionReferenceTo": [],
      "relationshipName": null,
      "restrictedDelete": false
    },
    {
      "cascadeDelete": false,
      "childSObject": "ServiceResource",
      "deprecatedAndHidden": false,
      "field": "AccountId",
      "junctionIdListNames": [],
      "junctionReferenceTo": [],
      "relationshipName": "ServiceResources",
      "restrictedDelete": true
    },
    {
      "cascadeDelete": false,
      "childSObject": "ServiceResourceChangeEvent",
      "deprecatedAndHidden": false,
      "field": "AccountId",
      "junctionIdListNames": [],
      "junctionReferenceTo": [],
      "relationshipName": null,
      "restrictedDelete": false
    },
    {
      "cascadeDelete": true,
      "childSObject": "Swarm",
      "deprecatedAndHidden": false,
      "field": "RelatedRecordId",
      "junctionIdListNames": [],
      "junctionReferenceTo": [],
      "relationshipName": "Swarms",
      "restrictedDelete": false
    },
    {
      "cascadeDelete": true,
      "childSObject": "SwarmMember",
      "deprecatedAndHidden": false,
      "field": "RelatedRecordId",
      "junctionIdListNames": [],
      "junctionReferenceTo": [],
      "relationshipName": "SwarmMembers",
      "restrictedDelete": false
    },
    {
      "cascadeDelete": false,
      "childSObject": "Task",
      "deprecatedAndHidden": false,
      "field": "AccountId",
      "junctionIdListNames": [],
      "junctionReferenceTo": [],
      "relationshipName": null,
      "restrictedDelete": false
    },
    {
      "cascadeDelete": true,
      "childSObject": "Task",
      "deprecatedAndHidden": false,
      "field": "WhatId",
      "junctionIdListNames": [],
      "junctionReferenceTo": [],
      "relationshipName": "Tasks",
      "restrictedDelete": false
    },
    {
      "cascadeDelete": false,
      "childSObject": "TaskChangeEvent",
      "deprecatedAndHidden": false,
      "field": "AccountId",
      "junctionIdListNames": [],
      "junctionReferenceTo": [],
      "relationshipName": null,
      "restrictedDelete": false
    },
    {
      "cascadeDelete": false,
      "childSObject": "TaskChangeEvent",
      "deprecatedAndHidden": false,
      "field": "WhatId",
      "junctionIdListNames": [],
      "junctionReferenceTo": [],
      "relationshipName": null,
      "restrictedDelete": false
    },
    {
      "cascadeDelete": true,
      "childSObject": "TopicAssignment",
      "deprecatedAndHidden": false,
      "field": "EntityId",
      "junctionIdListNames": [],
      "junctionReferenceTo": [],
      "relationshipName": "TopicAssignments",
      "restrictedDelete": false
    },
    {
      "cascadeDelete": false,
      "childSObject": "User",
      "deprecatedAndHidden": false,
      "field": "AccountId",
      "junctionIdListNames": [],
      "junctionReferenceTo": [],
      "relationshipName": "Users",
      "restrictedDelete": false
    },
    {
      "cascadeDelete": false,
      "childSObject": "UserChangeEvent",
      "deprecatedAndHidden": false,
      "field": "AccountId",
      "junctionIdListNames": [],
      "junctionReferenceTo": [],
      "relationshipName": null,
      "restrictedDelete": false
    },
    {
      "cascadeDelete": false,
      "childSObject": "UserRole",
      "deprecatedAndHidden": false,
      "field": "PortalAccountId",
      "junctionIdListNames": [],
      "junctionReferenceTo": [],
      "relationshipName": null,
      "restrictedDelete": false
    },
    {
      "cascadeDelete": false,
      "childSObject": "WorkOrder",
      "deprecatedAndHidden": false,
      "field": "AccountId",
      "junctionIdListNames": [],
      "junctionReferenceTo": [],
      "relationshipName": "WorkOrders",
      "restrictedDelete": false
    },
    {
      "cascadeDelete": false,
      "childSObject": "WorkOrderChangeEvent",
      "deprecatedAndHidden": false,
      "field": "AccountId",
      "junctionIdListNames": [],
      "junctionReferenceTo": [],
      "relationshipName": null,
      "restrictedDelete": false
    },
    {
      "cascadeDelete": true,
      "childSObject": "WorkPlanSelectionRule",
      "deprecatedAndHidden": false,
      "field": "AccountId",
      "junctionIdListNames": [],
      "junctionReferenceTo": [],
      "relationshipName": "WorkPlanSelectionRules",
      "restrictedDelete": false
    },
    {
      "cascadeDelete": false,
      "childSObject": "WorkPlanSelectionRuleChangeEvent",
      "deprecatedAndHidden": false,
      "field": "AccountId",
      "junctionIdListNames": [],
      "junctionReferenceTo": [],
      "relationshipName": null,
      "restrictedDelete": false
    }
  ],
  "custom": false,
  "name": "Account",
  "queryable": true
}